{
    "Ecclesiastes.4.1": [
        {
            "word": "So I returned",
            "strongs": [
                "H7725"
            ]
        },
        {
            "word": "and considered",
            "strongs": [
                "H7200"
            ]
        },
        {
            "word": "all the oppressions",
            "strongs": [
                "H6217"
            ]
        },
        {
            "word": "that are done",
            "strongs": [
                "H6213"
            ]
        },
        {
            "word": "under the sun",
            "strongs": [
                "H8121"
            ]
        },
        {
            "word": "and behold the tears",
            "strongs": [
                "H1832"
            ]
        },
        {
            "word": "oppressed",
            "strongs": [
                "H6231"
            ]
        },
        {
            "word": "and they had no comforter",
            "strongs": [
                "H5162"
            ]
        },
        {
            "word": "and on the side",
            "strongs": [
                "H3027"
            ]
        },
        {
            "word": "of their oppressors",
            "strongs": [
                "H6231"
            ]
        },
        {
            "word": "power",
            "strongs": [
                "H3581"
            ]
        },
        {
            "word": "but they had no comforter",
            "strongs": [
                "H5162"
            ]
        }
    ],
    "Ecclesiastes.4.2": [
        {
            "word": "Wherefore I praised",
            "strongs": [
                "H7623"
            ]
        },
        {
            "word": "the dead",
            "strongs": [
                "H4191"
            ]
        },
        {
            "word": "which are already",
            "strongs": [
                "H3528"
            ]
        },
        {
            "word": "dead",
            "strongs": [
                "H4191"
            ]
        },
        {
            "word": "more than the living",
            "strongs": [
                "H2416"
            ]
        },
        {
            "word": "which are yet",
            "strongs": [
                "H5728"
            ]
        },
        {
            "word": "alive",
            "strongs": [
                "H2416"
            ]
        }
    ],
    "Ecclesiastes.4.3": [
        {
            "word": "Yea, better",
            "strongs": [
                "H2896"
            ]
        },
        {
            "word": "than both",
            "strongs": [
                "H8147"
            ]
        },
        {
            "word": "they, which hath not yet",
            "strongs": [
                "H5728"
            ]
        },
        {
            "word": "been, who hath not seen",
            "strongs": [
                "H7200"
            ]
        },
        {
            "word": "the evil",
            "strongs": [
                "H7451"
            ]
        },
        {
            "word": "work",
            "strongs": [
                "H4639"
            ]
        },
        {
            "word": "that is done",
            "strongs": [
                "H6213"
            ]
        },
        {
            "word": "under the sun",
            "strongs": [
                "H8121"
            ]
        }
    ],
    "Ecclesiastes.4.4": [
        {
            "word": "Again, I considered",
            "strongs": [
                "H7200"
            ]
        },
        {
            "word": "all travail",
            "strongs": [
                "H5999"
            ]
        },
        {
            "word": "and every right",
            "strongs": [
                "H3788"
            ]
        },
        {
            "word": "work",
            "strongs": [
                "H4639"
            ]
        },
        {
            "word": "that for this a man",
            "strongs": [
                "H0376"
            ]
        },
        {
            "word": "is envied",
            "strongs": [
                "H7068"
            ]
        },
        {
            "word": "of his neighbour",
            "strongs": [
                "H7453"
            ]
        },
        {
            "word": "also vanity",
            "strongs": [
                "H1892"
            ]
        },
        {
            "word": "and vexation",
            "strongs": [
                "H7469"
            ]
        },
        {
            "word": "of spirit",
            "strongs": [
                "H7307"
            ]
        }
    ],
    "Ecclesiastes.4.5": [
        {
            "word": "The fool",
            "strongs": [
                "H3684"
            ]
        },
        {
            "word": "foldeth",
            "strongs": [
                "H2263"
            ]
        },
        {
            "word": "his hands",
            "strongs": [
                "H3027"
            ]
        },
        {
            "word": "together",
            "strongs": [
                "H2263"
            ]
        },
        {
            "word": "and eateth",
            "strongs": [
                "H0398"
            ]
        },
        {
            "word": "his own flesh",
            "strongs": [
                "H1320"
            ]
        }
    ],
    "Ecclesiastes.4.6": [
        {
            "word": "Better",
            "strongs": [
                "H2896"
            ]
        },
        {
            "word": "an handful",
            "strongs": [
                "H3709"
            ]
        },
        {
            "word": "quietness",
            "strongs": [
                "H5183"
            ]
        },
        {
            "word": "than both the hands",
            "strongs": [
                "H2651"
            ]
        },
        {
            "word": "full",
            "strongs": [
                "H4393"
            ]
        },
        {
            "word": "travail",
            "strongs": [
                "H5999"
            ]
        },
        {
            "word": "and vexation",
            "strongs": [
                "H7469"
            ]
        },
        {
            "word": "of spirit",
            "strongs": [
                "H7307"
            ]
        }
    ],
    "Ecclesiastes.4.7": [
        {
            "word": "Then I returned",
            "strongs": [
                "H7725"
            ]
        },
        {
            "word": "and I saw",
            "strongs": [
                "H7200"
            ]
        },
        {
            "word": "vanity",
            "strongs": [
                "H1892"
            ]
        },
        {
            "word": "under the sun",
            "strongs": [
                "H8121"
            ]
        }
    ],
    "Ecclesiastes.4.8": [
        {
            "word": "There is",
            "strongs": [
                "H3426"
            ]
        },
        {
            "word": "one",
            "strongs": [
                "H0259"
            ]
        },
        {
            "word": "not a second",
            "strongs": [
                "H8145"
            ]
        },
        {
            "word": "yea, he hath neither child",
            "strongs": [
                "H1121"
            ]
        },
        {
            "word": "nor brother",
            "strongs": [
                "H0251"
            ]
        },
        {
            "word": "no end",
            "strongs": [
                "H7093"
            ]
        },
        {
            "word": "of all his labour",
            "strongs": [
                "H5999"
            ]
        },
        {
            "word": "neither is his eye",
            "strongs": [
                "H5869"
            ]
        },
        {
            "word": "satisfied",
            "strongs": [
                "H7646"
            ]
        },
        {
            "word": "with riches",
            "strongs": [
                "H6239"
            ]
        },
        {
            "word": "For whom do I labour",
            "strongs": [
                "H6001"
            ]
        },
        {
            "word": "and bereave",
            "strongs": [
                "H2637"
            ]
        },
        {
            "word": "my soul",
            "strongs": [
                "H5315"
            ]
        },
        {
            "word": "of good",
            "strongs": [
                "H2896"
            ]
        },
        {
            "word": "also vanity",
            "strongs": [
                "H1892"
            ]
        },
        {
            "word": "a sore",
            "strongs": [
                "H7451"
            ]
        },
        {
            "word": "travail",
            "strongs": [
                "H6045"
            ]
        }
    ],
    "Ecclesiastes.4.9": [
        {
            "word": "Two",
            "strongs": [
                "H8147"
            ]
        },
        {
            "word": "better",
            "strongs": [
                "H2896"
            ]
        },
        {
            "word": "than one",
            "strongs": [
                "H0259"
            ]
        },
        {
            "word": "because they have",
            "strongs": [
                "H3426"
            ]
        },
        {
            "word": "a good",
            "strongs": [
                "H2896"
            ]
        },
        {
            "word": "reward",
            "strongs": [
                "H7939"
            ]
        },
        {
            "word": "for their labour",
            "strongs": [
                "H5999"
            ]
        }
    ],
    "Ecclesiastes.4.10": [
        {
            "word": "For if they fall",
            "strongs": [
                "H5307"
            ]
        },
        {
            "word": "the one",
            "strongs": [
                "H0259"
            ]
        },
        {
            "word": "will lift up",
            "strongs": [
                "H6965"
            ]
        },
        {
            "word": "his fellow",
            "strongs": [
                "H2270"
            ]
        },
        {
            "word": "but woe",
            "strongs": [
                "H0337"
            ]
        },
        {
            "word": "alone",
            "strongs": [
                "H0259"
            ]
        },
        {
            "word": "when he falleth",
            "strongs": [
                "H5307"
            ]
        },
        {
            "word": "not another",
            "strongs": [
                "H8145"
            ]
        },
        {
            "word": "to help him up",
            "strongs": [
                "H6965"
            ]
        }
    ],
    "Ecclesiastes.4.11": [
        {
            "word": "Again",
            "strongs": [
                "H1571"
            ]
        },
        {
            "word": "if two",
            "strongs": [
                "H8147"
            ]
        },
        {
            "word": "lie together",
            "strongs": [
                "H7901"
            ]
        },
        {
            "word": "then they have heat",
            "strongs": [
                "H2552"
            ]
        },
        {
            "word": "but how can one",
            "strongs": [
                "H0259"
            ]
        },
        {
            "word": "be warm",
            "strongs": [
                "H3179"
            ]
        }
    ],
    "Ecclesiastes.4.12": [
        {
            "word": "And if one",
            "strongs": [
                "H0259"
            ]
        },
        {
            "word": "prevail",
            "strongs": [
                "H8630"
            ]
        },
        {
            "word": "against him, two",
            "strongs": [
                "H8147"
            ]
        },
        {
            "word": "shall withstand",
            "strongs": [
                "H5975"
            ]
        },
        {
            "word": "him; and a threefold",
            "strongs": [
                "H8027"
            ]
        },
        {
            "word": "cord",
            "strongs": [
                "H2339"
            ]
        },
        {
            "word": "is not quickly",
            "strongs": [
                "H4120"
            ]
        },
        {
            "word": "broken",
            "strongs": [
                "H5423"
            ]
        }
    ],
    "Ecclesiastes.4.13": [
        {
            "word": "Better",
            "strongs": [
                "H2896"
            ]
        },
        {
            "word": "a poor",
            "strongs": [
                "H4542"
            ]
        },
        {
            "word": "and a wise",
            "strongs": [
                "H2450"
            ]
        },
        {
            "word": "child",
            "strongs": [
                "H3206"
            ]
        },
        {
            "word": "than an old",
            "strongs": [
                "H2205"
            ]
        },
        {
            "word": "and foolish",
            "strongs": [
                "H3684"
            ]
        },
        {
            "word": "king",
            "strongs": [
                "H4428"
            ]
        },
        {
            "word": "who will",
            "strongs": [
                "H3045"
            ]
        },
        {
            "word": "no more be admonished",
            "strongs": [
                "H2094"
            ]
        }
    ],
    "Ecclesiastes.4.14": [
        {
            "word": "For out of prison",
            "strongs": [
                "H1004",
                "H0631"
            ]
        },
        {
            "word": "he cometh",
            "strongs": [
                "H3318"
            ]
        },
        {
            "word": "to reign",
            "strongs": [
                "H4427"
            ]
        },
        {
            "word": "born",
            "strongs": [
                "H3205"
            ]
        },
        {
            "word": "in his kingdom",
            "strongs": [
                "H4438"
            ]
        },
        {
            "word": "becometh poor",
            "strongs": [
                "H7326"
            ]
        }
    ],
    "Ecclesiastes.4.15": [
        {
            "word": "I considered",
            "strongs": [
                "H7200"
            ]
        },
        {
            "word": "all the living",
            "strongs": [
                "H2416"
            ]
        },
        {
            "word": "which walk",
            "strongs": [
                "H1980"
            ]
        },
        {
            "word": "under the sun",
            "strongs": [
                "H8121"
            ]
        },
        {
            "word": "with the second",
            "strongs": [
                "H8145"
            ]
        },
        {
            "word": "child",
            "strongs": [
                "H3206"
            ]
        },
        {
            "word": "that shall stand up",
            "strongs": [
                "H5975"
            ]
        }
    ],
    "Ecclesiastes.4.16": [
        {
            "word": "no end",
            "strongs": [
                "H7093"
            ]
        },
        {
            "word": "of all the people",
            "strongs": [
                "H5971"
            ]
        },
        {
            "word": "of all that have been before",
            "strongs": [
                "H6440"
            ]
        },
        {
            "word": "them: they also that come after",
            "strongs": [
                "H0314"
            ]
        },
        {
            "word": "shall not rejoice",
            "strongs": [
                "H8055"
            ]
        },
        {
            "word": "vanity",
            "strongs": [
                "H1892"
            ]
        },
        {
            "word": "and vexation",
            "strongs": [
                "H7475"
            ]
        },
        {
            "word": "of spirit",
            "strongs": [
                "H7307"
            ]
        }
    ]
}