{
    "Deuteronomy.17.1": [
        {
            "word": "Thou shalt not sacrifice",
            "strongs": [
                "H2076"
            ]
        },
        {
            "word": "unto the Lord",
            "strongs": [
                "H3068"
            ]
        },
        {
            "word": "thy God",
            "strongs": [
                "H0430"
            ]
        },
        {
            "word": "bullock",
            "strongs": [
                "H7794"
            ]
        },
        {
            "word": "or sheep",
            "strongs": [
                "H7716"
            ]
        },
        {
            "word": "wherein is blemish",
            "strongs": [
                "H3971"
            ]
        },
        {
            "word": "any evilfavouredness",
            "strongs": [
                "H1697",
                "H7451"
            ]
        },
        {
            "word": "an abomination",
            "strongs": [
                "H8441"
            ]
        },
        {
            "word": "unto the Lord",
            "strongs": [
                "H3068"
            ]
        },
        {
            "word": "thy God",
            "strongs": [
                "H0430"
            ]
        }
    ],
    "Deuteronomy.17.2": [
        {
            "word": "If there be found",
            "strongs": [
                "H4672"
            ]
        },
        {
            "word": "among",
            "strongs": [
                "H7130"
            ]
        },
        {
            "word": "you, within any",
            "strongs": [
                "H0259"
            ]
        },
        {
            "word": "of thy gates",
            "strongs": [
                "H8179"
            ]
        },
        {
            "word": "which the Lord",
            "strongs": [
                "H3068"
            ]
        },
        {
            "word": "thy God",
            "strongs": [
                "H0430"
            ]
        },
        {
            "word": "giveth",
            "strongs": [
                "H5414"
            ]
        },
        {
            "word": "thee, man",
            "strongs": [
                "H0376"
            ]
        },
        {
            "word": "or woman",
            "strongs": [
                "H0802"
            ]
        },
        {
            "word": "that hath wrought",
            "strongs": [
                "H6213"
            ]
        },
        {
            "word": "wickedness",
            "strongs": [
                "H7451"
            ]
        },
        {
            "word": "in the sight",
            "strongs": [
                "H5869"
            ]
        },
        {
            "word": "of the Lord",
            "strongs": [
                "H3068"
            ]
        },
        {
            "word": "thy God",
            "strongs": [
                "H0430"
            ]
        },
        {
            "word": "in transgressing",
            "strongs": [
                "H5674"
            ]
        },
        {
            "word": "his covenant",
            "strongs": [
                "H1285"
            ]
        }
    ],
    "Deuteronomy.17.3": [
        {
            "word": "And hath gone",
            "strongs": [
                "H3212"
            ]
        },
        {
            "word": "and served",
            "strongs": [
                "H5647"
            ]
        },
        {
            "word": "other",
            "strongs": [
                "H0312"
            ]
        },
        {
            "word": "gods",
            "strongs": [
                "H0430"
            ]
        },
        {
            "word": "and worshipped",
            "strongs": [
                "H7812"
            ]
        },
        {
            "word": "them, either the sun",
            "strongs": [
                "H8121"
            ]
        },
        {
            "word": "or moon",
            "strongs": [
                "H3394"
            ]
        },
        {
            "word": "or any of the host",
            "strongs": [
                "H6635"
            ]
        },
        {
            "word": "of heaven",
            "strongs": [
                "H8064"
            ]
        },
        {
            "word": "which I have not commanded",
            "strongs": [
                "H6680"
            ]
        }
    ],
    "Deuteronomy.17.4": [
        {
            "word": "And it be told",
            "strongs": [
                "H5046"
            ]
        },
        {
            "word": "thee, and thou hast heard",
            "strongs": [
                "H8085"
            ]
        },
        {
            "word": "and enquired",
            "strongs": [
                "H1875"
            ]
        },
        {
            "word": "diligently",
            "strongs": [
                "H3190"
            ]
        },
        {
            "word": "true",
            "strongs": [
                "H0571"
            ]
        },
        {
            "word": "the thing",
            "strongs": [
                "H1697"
            ]
        },
        {
            "word": "certain",
            "strongs": [
                "H3559"
            ]
        },
        {
            "word": "such abomination",
            "strongs": [
                "H8441"
            ]
        },
        {
            "word": "is wrought",
            "strongs": [
                "H6213"
            ]
        },
        {
            "word": "in Israel",
            "strongs": [
                "H3478"
            ]
        }
    ],
    "Deuteronomy.17.5": [
        {
            "word": "Then shalt thou bring forth",
            "strongs": [
                "H3318"
            ]
        },
        {
            "word": "that man",
            "strongs": [
                "H0376"
            ]
        },
        {
            "word": "or that woman",
            "strongs": [
                "H0802"
            ]
        },
        {
            "word": "which have committed",
            "strongs": [
                "H6213"
            ]
        },
        {
            "word": "that wicked",
            "strongs": [
                "H7451"
            ]
        },
        {
            "word": "thing",
            "strongs": [
                "H1697"
            ]
        },
        {
            "word": "unto thy gates",
            "strongs": [
                "H8179"
            ]
        },
        {
            "word": "that man",
            "strongs": [
                "H0376"
            ]
        },
        {
            "word": "or that woman",
            "strongs": [
                "H0802"
            ]
        },
        {
            "word": "and shalt stone",
            "strongs": [
                "H5619"
            ]
        },
        {
            "word": "them with stones",
            "strongs": [
                "H0068"
            ]
        },
        {
            "word": "till they die",
            "strongs": [
                "H4191"
            ]
        }
    ],
    "Deuteronomy.17.6": [
        {
            "word": "At the mouth",
            "strongs": [
                "H6310"
            ]
        },
        {
            "word": "of two",
            "strongs": [
                "H8147"
            ]
        },
        {
            "word": "witnesses",
            "strongs": [
                "H5707"
            ]
        },
        {
            "word": "or three",
            "strongs": [
                "H7969"
            ]
        },
        {
            "word": "witnesses",
            "strongs": [
                "H5707"
            ]
        },
        {
            "word": "shall he that is worthy of death",
            "strongs": [
                "H4191"
            ]
        },
        {
            "word": "be put to death",
            "strongs": [
                "H4191"
            ]
        },
        {
            "word": "at the mouth",
            "strongs": [
                "H6310"
            ]
        },
        {
            "word": "of one",
            "strongs": [
                "H0259"
            ]
        },
        {
            "word": "witness",
            "strongs": [
                "H5707"
            ]
        },
        {
            "word": "he shall not be put to death",
            "strongs": [
                "H4191"
            ]
        }
    ],
    "Deuteronomy.17.7": [
        {
            "word": "The hands",
            "strongs": [
                "H3027"
            ]
        },
        {
            "word": "of the witnesses",
            "strongs": [
                "H5707"
            ]
        },
        {
            "word": "shall be first",
            "strongs": [
                "H7223"
            ]
        },
        {
            "word": "upon him to put him to death",
            "strongs": [
                "H4191"
            ]
        },
        {
            "word": "and afterward",
            "strongs": [
                "H0314"
            ]
        },
        {
            "word": "the hands",
            "strongs": [
                "H3027"
            ]
        },
        {
            "word": "of all the people",
            "strongs": [
                "H5971"
            ]
        },
        {
            "word": "So thou shalt put",
            "strongs": [
                "H1197"
            ]
        },
        {
            "word": "the evil",
            "strongs": [
                "H7451"
            ]
        },
        {
            "word": "away",
            "strongs": [
                "H1197"
            ]
        },
        {
            "word": "from among",
            "strongs": [
                "H7130"
            ]
        }
    ],
    "Deuteronomy.17.8": [
        {
            "word": "If there arise a matter",
            "strongs": [
                "H1697"
            ]
        },
        {
            "word": "too hard",
            "strongs": [
                "H6381"
            ]
        },
        {
            "word": "for thee in judgment",
            "strongs": [
                "H4941"
            ]
        },
        {
            "word": "between blood",
            "strongs": [
                "H1818"
            ]
        },
        {
            "word": "and blood",
            "strongs": [
                "H1818"
            ]
        },
        {
            "word": "between plea",
            "strongs": [
                "H1779"
            ]
        },
        {
            "word": "and plea",
            "strongs": [
                "H1779"
            ]
        },
        {
            "word": "and between stroke",
            "strongs": [
                "H5061"
            ]
        },
        {
            "word": "and stroke",
            "strongs": [
                "H5061"
            ]
        },
        {
            "word": "matters",
            "strongs": [
                "H1697"
            ]
        },
        {
            "word": "of controversy",
            "strongs": [
                "H7379"
            ]
        },
        {
            "word": "within thy gates",
            "strongs": [
                "H8179"
            ]
        },
        {
            "word": "then shalt thou arise",
            "strongs": [
                "H6965"
            ]
        },
        {
            "word": "and get thee up",
            "strongs": [
                "H5927"
            ]
        },
        {
            "word": "into the place",
            "strongs": [
                "H4725"
            ]
        },
        {
            "word": "which the Lord",
            "strongs": [
                "H3068"
            ]
        },
        {
            "word": "thy God",
            "strongs": [
                "H0430"
            ]
        },
        {
            "word": "shall choose",
            "strongs": [
                "H0977"
            ]
        }
    ],
    "Deuteronomy.17.9": [
        {
            "word": "And thou shalt come",
            "strongs": [
                "H0935"
            ]
        },
        {
            "word": "unto the priests",
            "strongs": [
                "H3548"
            ]
        },
        {
            "word": "the Levites",
            "strongs": [
                "H3881"
            ]
        },
        {
            "word": "and unto the judge",
            "strongs": [
                "H8199"
            ]
        },
        {
            "word": "that shall be in those days",
            "strongs": [
                "H3117"
            ]
        },
        {
            "word": "and enquire",
            "strongs": [
                "H1875"
            ]
        },
        {
            "word": "and they shall shew",
            "strongs": [
                "H5046"
            ]
        },
        {
            "word": "thee the sentence",
            "strongs": [
                "H1697"
            ]
        },
        {
            "word": "of judgment",
            "strongs": [
                "H4941"
            ]
        }
    ],
    "Deuteronomy.17.10": [
        {
            "word": "And thou shalt do",
            "strongs": [
                "H6213"
            ]
        },
        {
            "word": "according to the sentence",
            "strongs": [
                "H1697",
                "H6310"
            ]
        },
        {
            "word": "which they of that place",
            "strongs": [
                "H4725"
            ]
        },
        {
            "word": "which the Lord",
            "strongs": [
                "H3068"
            ]
        },
        {
            "word": "shall choose",
            "strongs": [
                "H0977"
            ]
        },
        {
            "word": "shall shew",
            "strongs": [
                "H5046"
            ]
        },
        {
            "word": "thee; and thou shalt observe",
            "strongs": [
                "H8104"
            ]
        },
        {
            "word": "to do",
            "strongs": [
                "H6213"
            ]
        },
        {
            "word": "according to all that they inform",
            "strongs": [
                "H3384"
            ]
        }
    ],
    "Deuteronomy.17.11": [
        {
            "word": "According to the sentence",
            "strongs": [
                "H6310"
            ]
        },
        {
            "word": "of the law",
            "strongs": [
                "H8451"
            ]
        },
        {
            "word": "which they shall teach",
            "strongs": [
                "H3384"
            ]
        },
        {
            "word": "thee, and according to the judgment",
            "strongs": [
                "H4941"
            ]
        },
        {
            "word": "which they shall tell",
            "strongs": [
                "H0559"
            ]
        },
        {
            "word": "thee, thou shalt do",
            "strongs": [
                "H6213"
            ]
        },
        {
            "word": "thou shalt not decline",
            "strongs": [
                "H5493"
            ]
        },
        {
            "word": "from the sentence",
            "strongs": [
                "H1697"
            ]
        },
        {
            "word": "which they shall shew",
            "strongs": [
                "H5046"
            ]
        },
        {
            "word": "the right hand",
            "strongs": [
                "H3225"
            ]
        },
        {
            "word": "the left",
            "strongs": [
                "H8040"
            ]
        }
    ],
    "Deuteronomy.17.12": [
        {
            "word": "And the man",
            "strongs": [
                "H0376"
            ]
        },
        {
            "word": "that will do",
            "strongs": [
                "H6213"
            ]
        },
        {
            "word": "presumptuously",
            "strongs": [
                "H2087"
            ]
        },
        {
            "word": "and will not hearken",
            "strongs": [
                "H8085"
            ]
        },
        {
            "word": "unto the priest",
            "strongs": [
                "H3548"
            ]
        },
        {
            "word": "that standeth",
            "strongs": [
                "H5975"
            ]
        },
        {
            "word": "to minister",
            "strongs": [
                "H8334"
            ]
        },
        {
            "word": "there before the Lord",
            "strongs": [
                "H3068"
            ]
        },
        {
            "word": "thy God",
            "strongs": [
                "H0430"
            ]
        },
        {
            "word": "or unto the judge",
            "strongs": [
                "H8199"
            ]
        },
        {
            "word": "even that man",
            "strongs": [
                "H0376"
            ]
        },
        {
            "word": "shall die",
            "strongs": [
                "H4191"
            ]
        },
        {
            "word": "and thou shalt put away",
            "strongs": [
                "H1197"
            ]
        },
        {
            "word": "the evil",
            "strongs": [
                "H7451"
            ]
        },
        {
            "word": "from Israel",
            "strongs": [
                "H3478"
            ]
        }
    ],
    "Deuteronomy.17.13": [
        {
            "word": "And all the people",
            "strongs": [
                "H5971"
            ]
        },
        {
            "word": "shall hear",
            "strongs": [
                "H8085"
            ]
        },
        {
            "word": "and fear",
            "strongs": [
                "H3372"
            ]
        },
        {
            "word": "and do no more presumptuously",
            "strongs": [
                "H2102"
            ]
        }
    ],
    "Deuteronomy.17.14": [
        {
            "word": "When thou art come",
            "strongs": [
                "H0935"
            ]
        },
        {
            "word": "unto the land",
            "strongs": [
                "H0776"
            ]
        },
        {
            "word": "which the Lord",
            "strongs": [
                "H3068"
            ]
        },
        {
            "word": "thy God",
            "strongs": [
                "H0430"
            ]
        },
        {
            "word": "giveth",
            "strongs": [
                "H5414"
            ]
        },
        {
            "word": "thee, and shalt possess",
            "strongs": [
                "H3423"
            ]
        },
        {
            "word": "it, and shalt dwell",
            "strongs": [
                "H3427"
            ]
        },
        {
            "word": "therein, and shalt say",
            "strongs": [
                "H0559"
            ]
        },
        {
            "word": "I will set",
            "strongs": [
                "H7760"
            ]
        },
        {
            "word": "a king",
            "strongs": [
                "H4428"
            ]
        },
        {
            "word": "over me, like as all the nations",
            "strongs": [
                "H1471"
            ]
        },
        {
            "word": "about",
            "strongs": [
                "H5439"
            ]
        }
    ],
    "Deuteronomy.17.15": [
        {
            "word": "Thou shalt in any wise",
            "strongs": [
                "H7760"
            ]
        },
        {
            "word": "set",
            "strongs": [
                "H7760"
            ]
        },
        {
            "word": "king",
            "strongs": [
                "H4428"
            ]
        },
        {
            "word": "over thee, whom the Lord",
            "strongs": [
                "H3068"
            ]
        },
        {
            "word": "thy God",
            "strongs": [
                "H0430"
            ]
        },
        {
            "word": "shall choose",
            "strongs": [
                "H0977"
            ]
        },
        {
            "word": "from among",
            "strongs": [
                "H7130"
            ]
        },
        {
            "word": "thy brethren",
            "strongs": [
                "H0251"
            ]
        },
        {
            "word": "shalt thou set",
            "strongs": [
                "H7760"
            ]
        },
        {
            "word": "king",
            "strongs": [
                "H4428"
            ]
        },
        {
            "word": "over thee: thou mayest",
            "strongs": [
                "H3201"
            ]
        },
        {
            "word": "not set",
            "strongs": [
                "H5414"
            ]
        },
        {
            "word": "a stranger",
            "strongs": [
                "H0376",
                "H5237"
            ]
        },
        {
            "word": "not thy brother",
            "strongs": [
                "H0251"
            ]
        }
    ],
    "Deuteronomy.17.16": [
        {
            "word": "But he shall not multiply",
            "strongs": [
                "H7235"
            ]
        },
        {
            "word": "horses",
            "strongs": [
                "H5483"
            ]
        },
        {
            "word": "to himself, nor cause the people",
            "strongs": [
                "H5971"
            ]
        },
        {
            "word": "to return",
            "strongs": [
                "H7725"
            ]
        },
        {
            "word": "to Egypt",
            "strongs": [
                "H4714"
            ]
        },
        {
            "word": "to the end that he should multiply",
            "strongs": [
                "H7235"
            ]
        },
        {
            "word": "horses",
            "strongs": [
                "H5483"
            ]
        },
        {
            "word": "forasmuch as the Lord",
            "strongs": [
                "H3068"
            ]
        },
        {
            "word": "hath said",
            "strongs": [
                "H0559"
            ]
        },
        {
            "word": "unto you, Ye shall henceforth",
            "strongs": [
                "H3254"
            ]
        },
        {
            "word": "return",
            "strongs": [
                "H7725"
            ]
        },
        {
            "word": "no more that way",
            "strongs": [
                "H1870"
            ]
        }
    ],
    "Deuteronomy.17.17": [
        {
            "word": "Neither shall he multiply",
            "strongs": [
                "H7235"
            ]
        },
        {
            "word": "wives",
            "strongs": [
                "H0802"
            ]
        },
        {
            "word": "to himself, that his heart",
            "strongs": [
                "H3824"
            ]
        },
        {
            "word": "turn",
            "strongs": [
                "H5493"
            ]
        },
        {
            "word": "not away: neither shall he greatly",
            "strongs": [
                "H3966"
            ]
        },
        {
            "word": "multiply",
            "strongs": [
                "H7235"
            ]
        },
        {
            "word": "to himself silver",
            "strongs": [
                "H3701"
            ]
        },
        {
            "word": "and gold",
            "strongs": [
                "H2091"
            ]
        }
    ],
    "Deuteronomy.17.18": [
        {
            "word": "And it shall be, when he sitteth",
            "strongs": [
                "H3427"
            ]
        },
        {
            "word": "upon the throne",
            "strongs": [
                "H3678"
            ]
        },
        {
            "word": "of his kingdom",
            "strongs": [
                "H4467"
            ]
        },
        {
            "word": "that he shall write",
            "strongs": [
                "H3789"
            ]
        },
        {
            "word": "him a copy",
            "strongs": [
                "H4932"
            ]
        },
        {
            "word": "of this law",
            "strongs": [
                "H8451"
            ]
        },
        {
            "word": "in a book",
            "strongs": [
                "H5612"
            ]
        },
        {
            "word": "before",
            "strongs": [
                "H6440"
            ]
        },
        {
            "word": "the priests",
            "strongs": [
                "H3548"
            ]
        },
        {
            "word": "the Levites",
            "strongs": [
                "H3881"
            ]
        }
    ],
    "Deuteronomy.17.19": [
        {
            "word": "And it shall be with him, and he shall read",
            "strongs": [
                "H7121"
            ]
        },
        {
            "word": "therein all the days",
            "strongs": [
                "H3117"
            ]
        },
        {
            "word": "of his life",
            "strongs": [
                "H2416"
            ]
        },
        {
            "word": "that he may learn",
            "strongs": [
                "H3925"
            ]
        },
        {
            "word": "to fear",
            "strongs": [
                "H3372"
            ]
        },
        {
            "word": "the Lord",
            "strongs": [
                "H3068"
            ]
        },
        {
            "word": "his God",
            "strongs": [
                "H0430"
            ]
        },
        {
            "word": "to keep",
            "strongs": [
                "H8104"
            ]
        },
        {
            "word": "all the words",
            "strongs": [
                "H1697"
            ]
        },
        {
            "word": "of this law",
            "strongs": [
                "H8451"
            ]
        },
        {
            "word": "and these statutes",
            "strongs": [
                "H2706"
            ]
        },
        {
            "word": "to do",
            "strongs": [
                "H6213"
            ]
        }
    ],
    "Deuteronomy.17.20": [
        {
            "word": "That his heart",
            "strongs": [
                "H3824"
            ]
        },
        {
            "word": "be not lifted up",
            "strongs": [
                "H7311"
            ]
        },
        {
            "word": "above his brethren",
            "strongs": [
                "H0251"
            ]
        },
        {
            "word": "and that he turn not aside",
            "strongs": [
                "H5493"
            ]
        },
        {
            "word": "from the commandment",
            "strongs": [
                "H4687"
            ]
        },
        {
            "word": "the right hand",
            "strongs": [
                "H3225"
            ]
        },
        {
            "word": "the left",
            "strongs": [
                "H8040"
            ]
        },
        {
            "word": "to the end that he may prolong",
            "strongs": [
                "H0748"
            ]
        },
        {
            "word": "days",
            "strongs": [
                "H3117"
            ]
        },
        {
            "word": "in his kingdom",
            "strongs": [
                "H4467"
            ]
        },
        {
            "word": "he, and his children",
            "strongs": [
                "H1121"
            ]
        },
        {
            "word": "in the midst",
            "strongs": [
                "H7130"
            ]
        },
        {
            "word": "of Israel",
            "strongs": [
                "H3478"
            ]
        }
    ]
}