{
    "2.Kings.15.1": [
        {
            "word": "In the twenty",
            "strongs": [
                "H8141",
                "H6242"
            ]
        },
        {
            "word": "and seventh",
            "strongs": [
                "H7651"
            ]
        },
        {
            "word": "year",
            "strongs": [
                "H8141"
            ]
        },
        {
            "word": "of Jeroboam",
            "strongs": [
                "H3379"
            ]
        },
        {
            "word": "king",
            "strongs": [
                "H4428"
            ]
        },
        {
            "word": "of Israel",
            "strongs": [
                "H3478"
            ]
        },
        {
            "word": "began Azariah",
            "strongs": [
                "H5838"
            ]
        },
        {
            "word": "son",
            "strongs": [
                "H1121"
            ]
        },
        {
            "word": "of Amaziah",
            "strongs": [
                "H0558"
            ]
        },
        {
            "word": "king",
            "strongs": [
                "H4428"
            ]
        },
        {
            "word": "of Judah",
            "strongs": [
                "H3063"
            ]
        },
        {
            "word": "to reign",
            "strongs": [
                "H4427"
            ]
        }
    ],
    "2.Kings.15.2": [
        {
            "word": "Sixteen",
            "strongs": [
                "H6240",
                "H8337"
            ]
        },
        {
            "word": "years",
            "strongs": [
                "H8141"
            ]
        },
        {
            "word": "old",
            "strongs": [
                "H1121"
            ]
        },
        {
            "word": "was he when he began to reign",
            "strongs": [
                "H4427"
            ]
        },
        {
            "word": "and he reigned",
            "strongs": [
                "H4427"
            ]
        },
        {
            "word": "two",
            "strongs": [
                "H8147"
            ]
        },
        {
            "word": "and fifty",
            "strongs": [
                "H2572"
            ]
        },
        {
            "word": "years",
            "strongs": [
                "H8141"
            ]
        },
        {
            "word": "in Jerusalem",
            "strongs": [
                "H3389"
            ]
        },
        {
            "word": "And his mother's",
            "strongs": [
                "H0517"
            ]
        },
        {
            "word": "name",
            "strongs": [
                "H8034"
            ]
        },
        {
            "word": "Jecholiah",
            "strongs": [
                "H3203"
            ]
        },
        {
            "word": "of Jerusalem",
            "strongs": [
                "H3389"
            ]
        }
    ],
    "2.Kings.15.3": [
        {
            "word": "And he did",
            "strongs": [
                "H6213"
            ]
        },
        {
            "word": "right",
            "strongs": [
                "H3477"
            ]
        },
        {
            "word": "in the sight",
            "strongs": [
                "H5869"
            ]
        },
        {
            "word": "of the Lord",
            "strongs": [
                "H3068"
            ]
        },
        {
            "word": "according to all that his father",
            "strongs": [
                "H0001"
            ]
        },
        {
            "word": "Amaziah",
            "strongs": [
                "H0558"
            ]
        },
        {
            "word": "had done",
            "strongs": [
                "H6213"
            ]
        }
    ],
    "2.Kings.15.4": [
        {
            "word": "Save that the high places",
            "strongs": [
                "H1116"
            ]
        },
        {
            "word": "were not removed",
            "strongs": [
                "H5493"
            ]
        },
        {
            "word": "the people",
            "strongs": [
                "H5971"
            ]
        },
        {
            "word": "sacrificed",
            "strongs": [
                "H2076"
            ]
        },
        {
            "word": "and burnt incense",
            "strongs": [
                "H6999"
            ]
        },
        {
            "word": "still on the high places",
            "strongs": [
                "H1116"
            ]
        }
    ],
    "2.Kings.15.5": [
        {
            "word": "And the Lord",
            "strongs": [
                "H3068"
            ]
        },
        {
            "word": "smote",
            "strongs": [
                "H5060"
            ]
        },
        {
            "word": "the king",
            "strongs": [
                "H4428"
            ]
        },
        {
            "word": "so that he was a leper",
            "strongs": [
                "H6879"
            ]
        },
        {
            "word": "unto the day",
            "strongs": [
                "H3117"
            ]
        },
        {
            "word": "of his death",
            "strongs": [
                "H4194"
            ]
        },
        {
            "word": "and dwelt",
            "strongs": [
                "H3427"
            ]
        },
        {
            "word": "in a several",
            "strongs": [
                "H2669"
            ]
        },
        {
            "word": "house",
            "strongs": [
                "H1004"
            ]
        },
        {
            "word": "And Jotham",
            "strongs": [
                "H3147"
            ]
        },
        {
            "word": "the king's",
            "strongs": [
                "H4428"
            ]
        },
        {
            "word": "son",
            "strongs": [
                "H1121"
            ]
        },
        {
            "word": "over the house",
            "strongs": [
                "H1004"
            ]
        },
        {
            "word": "judging",
            "strongs": [
                "H8199"
            ]
        },
        {
            "word": "the people",
            "strongs": [
                "H5971"
            ]
        },
        {
            "word": "of the land",
            "strongs": [
                "H0776"
            ]
        }
    ],
    "2.Kings.15.6": [
        {
            "word": "And the rest",
            "strongs": [
                "H3499"
            ]
        },
        {
            "word": "of the acts",
            "strongs": [
                "H1697"
            ]
        },
        {
            "word": "of Azariah",
            "strongs": [
                "H5838"
            ]
        },
        {
            "word": "and all that he did",
            "strongs": [
                "H6213"
            ]
        },
        {
            "word": "they not written",
            "strongs": [
                "H3789"
            ]
        },
        {
            "word": "in the book",
            "strongs": [
                "H5612"
            ]
        },
        {
            "word": "of the chronicles",
            "strongs": [
                "H3117",
                "H1697"
            ]
        },
        {
            "word": "of the kings",
            "strongs": [
                "H4428"
            ]
        },
        {
            "word": "of Judah",
            "strongs": [
                "H3063"
            ]
        }
    ],
    "2.Kings.15.7": [
        {
            "word": "So Azariah",
            "strongs": [
                "H5838"
            ]
        },
        {
            "word": "slept",
            "strongs": [
                "H7901"
            ]
        },
        {
            "word": "with his fathers",
            "strongs": [
                "H0001"
            ]
        },
        {
            "word": "and they buried",
            "strongs": [
                "H6912"
            ]
        },
        {
            "word": "him with his fathers",
            "strongs": [
                "H0001"
            ]
        },
        {
            "word": "in the city",
            "strongs": [
                "H5892"
            ]
        },
        {
            "word": "of David",
            "strongs": [
                "H1732"
            ]
        },
        {
            "word": "and Jotham",
            "strongs": [
                "H3147"
            ]
        },
        {
            "word": "his son",
            "strongs": [
                "H1121"
            ]
        },
        {
            "word": "reigned",
            "strongs": [
                "H4427"
            ]
        }
    ],
    "2.Kings.15.8": [
        {
            "word": "In the thirty",
            "strongs": [
                "H8141",
                "H7970"
            ]
        },
        {
            "word": "and eighth",
            "strongs": [
                "H8083"
            ]
        },
        {
            "word": "year",
            "strongs": [
                "H8141"
            ]
        },
        {
            "word": "of Azariah",
            "strongs": [
                "H5838"
            ]
        },
        {
            "word": "king",
            "strongs": [
                "H4428"
            ]
        },
        {
            "word": "of Judah",
            "strongs": [
                "H3063"
            ]
        },
        {
            "word": "did Zachariah",
            "strongs": [
                "H2148"
            ]
        },
        {
            "word": "the son",
            "strongs": [
                "H1121"
            ]
        },
        {
            "word": "of Jeroboam",
            "strongs": [
                "H3379"
            ]
        },
        {
            "word": "reign",
            "strongs": [
                "H4427"
            ]
        },
        {
            "word": "over Israel",
            "strongs": [
                "H3478"
            ]
        },
        {
            "word": "in Samaria",
            "strongs": [
                "H8111"
            ]
        },
        {
            "word": "six",
            "strongs": [
                "H8337"
            ]
        },
        {
            "word": "months",
            "strongs": [
                "H2320"
            ]
        }
    ],
    "2.Kings.15.9": [
        {
            "word": "And he did",
            "strongs": [
                "H6213"
            ]
        },
        {
            "word": "evil",
            "strongs": [
                "H7451"
            ]
        },
        {
            "word": "in the sight",
            "strongs": [
                "H5869"
            ]
        },
        {
            "word": "of the Lord",
            "strongs": [
                "H3068"
            ]
        },
        {
            "word": "as his fathers",
            "strongs": [
                "H0001"
            ]
        },
        {
            "word": "had done",
            "strongs": [
                "H6213"
            ]
        },
        {
            "word": "he departed",
            "strongs": [
                "H5493"
            ]
        },
        {
            "word": "not from the sins",
            "strongs": [
                "H2403"
            ]
        },
        {
            "word": "of Jeroboam",
            "strongs": [
                "H3379"
            ]
        },
        {
            "word": "the son",
            "strongs": [
                "H1121"
            ]
        },
        {
            "word": "of Nebat",
            "strongs": [
                "H5028"
            ]
        },
        {
            "word": "who made Israel",
            "strongs": [
                "H3478"
            ]
        },
        {
            "word": "to sin",
            "strongs": [
                "H2398"
            ]
        }
    ],
    "2.Kings.15.10": [
        {
            "word": "And Shallum",
            "strongs": [
                "H7967"
            ]
        },
        {
            "word": "the son",
            "strongs": [
                "H1121"
            ]
        },
        {
            "word": "of Jabesh",
            "strongs": [
                "H3003"
            ]
        },
        {
            "word": "conspired",
            "strongs": [
                "H7194"
            ]
        },
        {
            "word": "against him, and smote",
            "strongs": [
                "H5221"
            ]
        },
        {
            "word": "him before",
            "strongs": [
                "H6905"
            ]
        },
        {
            "word": "the people",
            "strongs": [
                "H5971"
            ]
        },
        {
            "word": "and slew",
            "strongs": [
                "H4191"
            ]
        },
        {
            "word": "him, and reigned",
            "strongs": [
                "H4427"
            ]
        }
    ],
    "2.Kings.15.11": [
        {
            "word": "And the rest",
            "strongs": [
                "H3499"
            ]
        },
        {
            "word": "of the acts",
            "strongs": [
                "H1697"
            ]
        },
        {
            "word": "of Zachariah",
            "strongs": [
                "H2148"
            ]
        },
        {
            "word": "written",
            "strongs": [
                "H3789"
            ]
        },
        {
            "word": "in the book",
            "strongs": [
                "H5612"
            ]
        },
        {
            "word": "of the chronicles",
            "strongs": [
                "H3117",
                "H1697"
            ]
        },
        {
            "word": "of the kings",
            "strongs": [
                "H4428"
            ]
        },
        {
            "word": "of Israel",
            "strongs": [
                "H3478"
            ]
        }
    ],
    "2.Kings.15.12": [
        {
            "word": "the word",
            "strongs": [
                "H1697"
            ]
        },
        {
            "word": "of the Lord",
            "strongs": [
                "H3068"
            ]
        },
        {
            "word": "which he spake",
            "strongs": [
                "H1696"
            ]
        },
        {
            "word": "unto Jehu",
            "strongs": [
                "H3058"
            ]
        },
        {
            "word": "saying",
            "strongs": [
                "H0559"
            ]
        },
        {
            "word": "Thy sons",
            "strongs": [
                "H1121"
            ]
        },
        {
            "word": "shall sit",
            "strongs": [
                "H3427"
            ]
        },
        {
            "word": "on the throne",
            "strongs": [
                "H3678"
            ]
        },
        {
            "word": "of Israel",
            "strongs": [
                "H3478"
            ]
        },
        {
            "word": "unto the fourth",
            "strongs": [
                "H7243"
            ]
        }
    ],
    "2.Kings.15.13": [
        {
            "word": "Shallum",
            "strongs": [
                "H7967"
            ]
        },
        {
            "word": "the son",
            "strongs": [
                "H1121"
            ]
        },
        {
            "word": "of Jabesh",
            "strongs": [
                "H3003"
            ]
        },
        {
            "word": "began to reign",
            "strongs": [
                "H4427"
            ]
        },
        {
            "word": "in the nine",
            "strongs": [
                "H8672"
            ]
        },
        {
            "word": "and thirtieth",
            "strongs": [
                "H7970"
            ]
        },
        {
            "word": "year",
            "strongs": [
                "H8141"
            ]
        },
        {
            "word": "of Uzziah",
            "strongs": [
                "H5818"
            ]
        },
        {
            "word": "king",
            "strongs": [
                "H4428"
            ]
        },
        {
            "word": "of Judah",
            "strongs": [
                "H3063"
            ]
        },
        {
            "word": "and he reigned",
            "strongs": [
                "H4427"
            ]
        },
        {
            "word": "a full",
            "strongs": [
                "H3117"
            ]
        },
        {
            "word": "month",
            "strongs": [
                "H3391"
            ]
        },
        {
            "word": "in Samaria",
            "strongs": [
                "H8111"
            ]
        }
    ],
    "2.Kings.15.14": [
        {
            "word": "For Menahem",
            "strongs": [
                "H4505"
            ]
        },
        {
            "word": "the son",
            "strongs": [
                "H1121"
            ]
        },
        {
            "word": "of Gadi",
            "strongs": [
                "H1424"
            ]
        },
        {
            "word": "went up",
            "strongs": [
                "H5927"
            ]
        },
        {
            "word": "from Tirzah",
            "strongs": [
                "H8656"
            ]
        },
        {
            "word": "and came",
            "strongs": [
                "H0935"
            ]
        },
        {
            "word": "to Samaria",
            "strongs": [
                "H8111"
            ]
        },
        {
            "word": "and smote",
            "strongs": [
                "H5221"
            ]
        },
        {
            "word": "Shallum",
            "strongs": [
                "H7967"
            ]
        },
        {
            "word": "the son",
            "strongs": [
                "H1121"
            ]
        },
        {
            "word": "of Jabesh",
            "strongs": [
                "H3003"
            ]
        },
        {
            "word": "in Samaria",
            "strongs": [
                "H8111"
            ]
        },
        {
            "word": "and slew",
            "strongs": [
                "H4191"
            ]
        },
        {
            "word": "him, and reigned",
            "strongs": [
                "H4427"
            ]
        }
    ],
    "2.Kings.15.15": [
        {
            "word": "And the rest",
            "strongs": [
                "H3499"
            ]
        },
        {
            "word": "of the acts",
            "strongs": [
                "H1697"
            ]
        },
        {
            "word": "of Shallum",
            "strongs": [
                "H7967"
            ]
        },
        {
            "word": "and his conspiracy",
            "strongs": [
                "H7195"
            ]
        },
        {
            "word": "which he made",
            "strongs": [
                "H7194"
            ]
        },
        {
            "word": "written",
            "strongs": [
                "H3789"
            ]
        },
        {
            "word": "in the book",
            "strongs": [
                "H5612"
            ]
        },
        {
            "word": "of the chronicles",
            "strongs": [
                "H3117",
                "H1697"
            ]
        },
        {
            "word": "of the kings",
            "strongs": [
                "H4428"
            ]
        },
        {
            "word": "of Israel",
            "strongs": [
                "H3478"
            ]
        }
    ],
    "2.Kings.15.16": [
        {
            "word": "Then Menahem",
            "strongs": [
                "H4505"
            ]
        },
        {
            "word": "smote",
            "strongs": [
                "H5221"
            ]
        },
        {
            "word": "Tiphsah",
            "strongs": [
                "H8607"
            ]
        },
        {
            "word": "therein, and the coasts",
            "strongs": [
                "H1366"
            ]
        },
        {
            "word": "thereof from Tirzah",
            "strongs": [
                "H8656"
            ]
        },
        {
            "word": "because they opened",
            "strongs": [
                "H6605"
            ]
        },
        {
            "word": "therefore he smote",
            "strongs": [
                "H5221"
            ]
        },
        {
            "word": "all the women therein that were with child",
            "strongs": [
                "H2030"
            ]
        },
        {
            "word": "he ripped up",
            "strongs": [
                "H1234"
            ]
        }
    ],
    "2.Kings.15.17": [
        {
            "word": "In the nine",
            "strongs": [
                "H8141",
                "H8672"
            ]
        },
        {
            "word": "and thirtieth",
            "strongs": [
                "H7970"
            ]
        },
        {
            "word": "year",
            "strongs": [
                "H8141"
            ]
        },
        {
            "word": "of Azariah",
            "strongs": [
                "H5838"
            ]
        },
        {
            "word": "king",
            "strongs": [
                "H4428"
            ]
        },
        {
            "word": "of Judah",
            "strongs": [
                "H3063"
            ]
        },
        {
            "word": "began Menahem",
            "strongs": [
                "H4505"
            ]
        },
        {
            "word": "the son",
            "strongs": [
                "H1121"
            ]
        },
        {
            "word": "of Gadi",
            "strongs": [
                "H1424"
            ]
        },
        {
            "word": "to reign",
            "strongs": [
                "H4427"
            ]
        },
        {
            "word": "over Israel",
            "strongs": [
                "H3478"
            ]
        },
        {
            "word": "ten",
            "strongs": [
                "H6235"
            ]
        },
        {
            "word": "years",
            "strongs": [
                "H8141"
            ]
        },
        {
            "word": "in Samaria",
            "strongs": [
                "H8111"
            ]
        }
    ],
    "2.Kings.15.18": [
        {
            "word": "And he did",
            "strongs": [
                "H6213"
            ]
        },
        {
            "word": "evil",
            "strongs": [
                "H7451"
            ]
        },
        {
            "word": "in the sight",
            "strongs": [
                "H5869"
            ]
        },
        {
            "word": "of the Lord",
            "strongs": [
                "H3068"
            ]
        },
        {
            "word": "he departed",
            "strongs": [
                "H5493"
            ]
        },
        {
            "word": "not all his days",
            "strongs": [
                "H3117"
            ]
        },
        {
            "word": "from the sins",
            "strongs": [
                "H2403"
            ]
        },
        {
            "word": "of Jeroboam",
            "strongs": [
                "H3379"
            ]
        },
        {
            "word": "the son",
            "strongs": [
                "H1121"
            ]
        },
        {
            "word": "of Nebat",
            "strongs": [
                "H5028"
            ]
        },
        {
            "word": "who made Israel",
            "strongs": [
                "H3478"
            ]
        },
        {
            "word": "to sin",
            "strongs": [
                "H2398"
            ]
        }
    ],
    "2.Kings.15.19": [
        {
            "word": "Pul",
            "strongs": [
                "H6322"
            ]
        },
        {
            "word": "the king",
            "strongs": [
                "H4428"
            ]
        },
        {
            "word": "of Assyria",
            "strongs": [
                "H0804"
            ]
        },
        {
            "word": "came",
            "strongs": [
                "H0935"
            ]
        },
        {
            "word": "against the land",
            "strongs": [
                "H0776"
            ]
        },
        {
            "word": "and Menahem",
            "strongs": [
                "H4505"
            ]
        },
        {
            "word": "gave",
            "strongs": [
                "H5414"
            ]
        },
        {
            "word": "Pul",
            "strongs": [
                "H6322"
            ]
        },
        {
            "word": "a thousand",
            "strongs": [
                "H0505"
            ]
        },
        {
            "word": "talents",
            "strongs": [
                "H3603"
            ]
        },
        {
            "word": "of silver",
            "strongs": [
                "H3701"
            ]
        },
        {
            "word": "that his hand",
            "strongs": [
                "H3027"
            ]
        },
        {
            "word": "might be with him to confirm",
            "strongs": [
                "H2388"
            ]
        },
        {
            "word": "the kingdom",
            "strongs": [
                "H4467"
            ]
        },
        {
            "word": "in his hand",
            "strongs": [
                "H3027"
            ]
        }
    ],
    "2.Kings.15.20": [
        {
            "word": "And Menahem",
            "strongs": [
                "H4505"
            ]
        },
        {
            "word": "exacted",
            "strongs": [
                "H3318"
            ]
        },
        {
            "word": "the money",
            "strongs": [
                "H3701"
            ]
        },
        {
            "word": "of Israel",
            "strongs": [
                "H3478"
            ]
        },
        {
            "word": "of all the mighty men",
            "strongs": [
                "H1368"
            ]
        },
        {
            "word": "of wealth",
            "strongs": [
                "H2428"
            ]
        },
        {
            "word": "of each",
            "strongs": [
                "H0259"
            ]
        },
        {
            "word": "man",
            "strongs": [
                "H0376"
            ]
        },
        {
            "word": "fifty",
            "strongs": [
                "H2572"
            ]
        },
        {
            "word": "shekels",
            "strongs": [
                "H8255"
            ]
        },
        {
            "word": "of silver",
            "strongs": [
                "H3701"
            ]
        },
        {
            "word": "to give",
            "strongs": [
                "H5414"
            ]
        },
        {
            "word": "to the king",
            "strongs": [
                "H4428"
            ]
        },
        {
            "word": "of Assyria",
            "strongs": [
                "H0804"
            ]
        },
        {
            "word": "So the king",
            "strongs": [
                "H4428"
            ]
        },
        {
            "word": "of Assyria",
            "strongs": [
                "H0804"
            ]
        },
        {
            "word": "turned back",
            "strongs": [
                "H7725"
            ]
        },
        {
            "word": "and stayed",
            "strongs": [
                "H5975"
            ]
        },
        {
            "word": "not there in the land",
            "strongs": [
                "H0776"
            ]
        }
    ],
    "2.Kings.15.21": [
        {
            "word": "And the rest",
            "strongs": [
                "H3499"
            ]
        },
        {
            "word": "of the acts",
            "strongs": [
                "H1697"
            ]
        },
        {
            "word": "of Menahem",
            "strongs": [
                "H4505"
            ]
        },
        {
            "word": "and all that he did",
            "strongs": [
                "H6213"
            ]
        },
        {
            "word": "they not written",
            "strongs": [
                "H3789"
            ]
        },
        {
            "word": "in the book",
            "strongs": [
                "H5612"
            ]
        },
        {
            "word": "of the chronicles",
            "strongs": [
                "H3117",
                "H1697"
            ]
        },
        {
            "word": "of the kings",
            "strongs": [
                "H4428"
            ]
        },
        {
            "word": "of Israel",
            "strongs": [
                "H3478"
            ]
        }
    ],
    "2.Kings.15.22": [
        {
            "word": "And Menahem",
            "strongs": [
                "H4505"
            ]
        },
        {
            "word": "slept",
            "strongs": [
                "H7901"
            ]
        },
        {
            "word": "with his fathers",
            "strongs": [
                "H0001"
            ]
        },
        {
            "word": "and Pekahiah",
            "strongs": [
                "H6494"
            ]
        },
        {
            "word": "his son",
            "strongs": [
                "H1121"
            ]
        },
        {
            "word": "reigned",
            "strongs": [
                "H4427"
            ]
        }
    ],
    "2.Kings.15.23": [
        {
            "word": "In the fiftieth",
            "strongs": [
                "H8141",
                "H2572"
            ]
        },
        {
            "word": "year",
            "strongs": [
                "H8141"
            ]
        },
        {
            "word": "of Azariah",
            "strongs": [
                "H5838"
            ]
        },
        {
            "word": "king",
            "strongs": [
                "H4428"
            ]
        },
        {
            "word": "of Judah",
            "strongs": [
                "H3063"
            ]
        },
        {
            "word": "Pekahiah",
            "strongs": [
                "H6494"
            ]
        },
        {
            "word": "the son",
            "strongs": [
                "H1121"
            ]
        },
        {
            "word": "of Menahem",
            "strongs": [
                "H4505"
            ]
        },
        {
            "word": "began to reign",
            "strongs": [
                "H4427"
            ]
        },
        {
            "word": "over Israel",
            "strongs": [
                "H3478"
            ]
        },
        {
            "word": "in Samaria",
            "strongs": [
                "H8111"
            ]
        },
        {
            "word": "two years",
            "strongs": [
                "H8141"
            ]
        }
    ],
    "2.Kings.15.24": [
        {
            "word": "And he did",
            "strongs": [
                "H6213"
            ]
        },
        {
            "word": "evil",
            "strongs": [
                "H7451"
            ]
        },
        {
            "word": "in the sight",
            "strongs": [
                "H5869"
            ]
        },
        {
            "word": "of the Lord",
            "strongs": [
                "H3068"
            ]
        },
        {
            "word": "he departed",
            "strongs": [
                "H5493"
            ]
        },
        {
            "word": "not from the sins",
            "strongs": [
                "H2403"
            ]
        },
        {
            "word": "of Jeroboam",
            "strongs": [
                "H3379"
            ]
        },
        {
            "word": "the son",
            "strongs": [
                "H1121"
            ]
        },
        {
            "word": "of Nebat",
            "strongs": [
                "H5028"
            ]
        },
        {
            "word": "who made Israel",
            "strongs": [
                "H3478"
            ]
        },
        {
            "word": "to sin",
            "strongs": [
                "H2398"
            ]
        }
    ],
    "2.Kings.15.25": [
        {
            "word": "But Pekah",
            "strongs": [
                "H6492"
            ]
        },
        {
            "word": "the son",
            "strongs": [
                "H1121"
            ]
        },
        {
            "word": "of Remaliah",
            "strongs": [
                "H7425"
            ]
        },
        {
            "word": "a captain",
            "strongs": [
                "H7991"
            ]
        },
        {
            "word": "of his, conspired",
            "strongs": [
                "H7194"
            ]
        },
        {
            "word": "against him, and smote",
            "strongs": [
                "H5221"
            ]
        },
        {
            "word": "him in Samaria",
            "strongs": [
                "H8111"
            ]
        },
        {
            "word": "in the palace",
            "strongs": [
                "H0759"
            ]
        },
        {
            "word": "of the king's",
            "strongs": [
                "H4428"
            ]
        },
        {
            "word": "house",
            "strongs": [
                "H1004"
            ]
        },
        {
            "word": "with Argob",
            "strongs": [
                "H0709"
            ]
        },
        {
            "word": "and Arieh",
            "strongs": [
                "H0745"
            ]
        },
        {
            "word": "and with him fifty",
            "strongs": [
                "H2572"
            ]
        },
        {
            "word": "men",
            "strongs": [
                "H0376"
            ]
        },
        {
            "word": "of the Gileadites",
            "strongs": [
                "H1569",
                "H1121"
            ]
        },
        {
            "word": "and he killed",
            "strongs": [
                "H4191"
            ]
        },
        {
            "word": "him, and reigned",
            "strongs": [
                "H4427"
            ]
        }
    ],
    "2.Kings.15.26": [
        {
            "word": "And the rest",
            "strongs": [
                "H3499"
            ]
        },
        {
            "word": "of the acts",
            "strongs": [
                "H1697"
            ]
        },
        {
            "word": "of Pekahiah",
            "strongs": [
                "H6494"
            ]
        },
        {
            "word": "and all that he did",
            "strongs": [
                "H6213"
            ]
        },
        {
            "word": "written",
            "strongs": [
                "H3789"
            ]
        },
        {
            "word": "in the book",
            "strongs": [
                "H5612"
            ]
        },
        {
            "word": "of the chronicles",
            "strongs": [
                "H3117",
                "H1697"
            ]
        },
        {
            "word": "of the kings",
            "strongs": [
                "H4428"
            ]
        },
        {
            "word": "of Israel",
            "strongs": [
                "H3478"
            ]
        }
    ],
    "2.Kings.15.27": [
        {
            "word": "In the two",
            "strongs": [
                "H8141",
                "H8147"
            ]
        },
        {
            "word": "and fiftieth",
            "strongs": [
                "H2572"
            ]
        },
        {
            "word": "year",
            "strongs": [
                "H8141"
            ]
        },
        {
            "word": "of Azariah",
            "strongs": [
                "H5838"
            ]
        },
        {
            "word": "king",
            "strongs": [
                "H4428"
            ]
        },
        {
            "word": "of Judah",
            "strongs": [
                "H3063"
            ]
        },
        {
            "word": "Pekah",
            "strongs": [
                "H6492"
            ]
        },
        {
            "word": "the son",
            "strongs": [
                "H1121"
            ]
        },
        {
            "word": "of Remaliah",
            "strongs": [
                "H7425"
            ]
        },
        {
            "word": "began to reign",
            "strongs": [
                "H4427"
            ]
        },
        {
            "word": "over Israel",
            "strongs": [
                "H3478"
            ]
        },
        {
            "word": "in Samaria",
            "strongs": [
                "H8111"
            ]
        },
        {
            "word": "twenty",
            "strongs": [
                "H6242"
            ]
        },
        {
            "word": "years",
            "strongs": [
                "H8141"
            ]
        }
    ],
    "2.Kings.15.28": [
        {
            "word": "And he did",
            "strongs": [
                "H6213"
            ]
        },
        {
            "word": "evil",
            "strongs": [
                "H7451"
            ]
        },
        {
            "word": "in the sight",
            "strongs": [
                "H5869"
            ]
        },
        {
            "word": "of the Lord",
            "strongs": [
                "H3068"
            ]
        },
        {
            "word": "he departed",
            "strongs": [
                "H5493"
            ]
        },
        {
            "word": "not from the sins",
            "strongs": [
                "H2403"
            ]
        },
        {
            "word": "of Jeroboam",
            "strongs": [
                "H3379"
            ]
        },
        {
            "word": "the son",
            "strongs": [
                "H1121"
            ]
        },
        {
            "word": "of Nebat",
            "strongs": [
                "H5028"
            ]
        },
        {
            "word": "who made Israel",
            "strongs": [
                "H3478"
            ]
        },
        {
            "word": "to sin",
            "strongs": [
                "H2398"
            ]
        }
    ],
    "2.Kings.15.29": [
        {
            "word": "In the days",
            "strongs": [
                "H3117"
            ]
        },
        {
            "word": "of Pekah",
            "strongs": [
                "H6492"
            ]
        },
        {
            "word": "king",
            "strongs": [
                "H4428"
            ]
        },
        {
            "word": "of Israel",
            "strongs": [
                "H3478"
            ]
        },
        {
            "word": "came",
            "strongs": [
                "H0935"
            ]
        },
        {
            "word": "Tiglath\u00e2\u20ac\u201cpileser",
            "strongs": [
                "H8407"
            ]
        },
        {
            "word": "king",
            "strongs": [
                "H4428"
            ]
        },
        {
            "word": "of Assyria",
            "strongs": [
                "H0804"
            ]
        },
        {
            "word": "and took",
            "strongs": [
                "H3947"
            ]
        },
        {
            "word": "Ijon",
            "strongs": [
                "H5859"
            ]
        },
        {
            "word": "and Abel\u00e2\u20ac\u201cbeth\u00e2\u20ac\u201cmaachah",
            "strongs": [
                "H0062"
            ]
        },
        {
            "word": "and Janoah",
            "strongs": [
                "H3239"
            ]
        },
        {
            "word": "and Kedesh",
            "strongs": [
                "H6943"
            ]
        },
        {
            "word": "and Hazor",
            "strongs": [
                "H2674"
            ]
        },
        {
            "word": "and Gilead",
            "strongs": [
                "H1568"
            ]
        },
        {
            "word": "and Galilee",
            "strongs": [
                "H1551"
            ]
        },
        {
            "word": "all the land",
            "strongs": [
                "H0776"
            ]
        },
        {
            "word": "of Naphtali",
            "strongs": [
                "H5321"
            ]
        },
        {
            "word": "and carried them captive",
            "strongs": [
                "H1540"
            ]
        },
        {
            "word": "to Assyria",
            "strongs": [
                "H0804"
            ]
        }
    ],
    "2.Kings.15.30": [
        {
            "word": "And Hoshea",
            "strongs": [
                "H1954"
            ]
        },
        {
            "word": "the son",
            "strongs": [
                "H1121"
            ]
        },
        {
            "word": "of Elah",
            "strongs": [
                "H0425"
            ]
        },
        {
            "word": "made",
            "strongs": [
                "H7194"
            ]
        },
        {
            "word": "a conspiracy",
            "strongs": [
                "H7195"
            ]
        },
        {
            "word": "against Pekah",
            "strongs": [
                "H6492"
            ]
        },
        {
            "word": "the son",
            "strongs": [
                "H1121"
            ]
        },
        {
            "word": "of Remaliah",
            "strongs": [
                "H7425"
            ]
        },
        {
            "word": "and smote",
            "strongs": [
                "H5221"
            ]
        },
        {
            "word": "him, and slew",
            "strongs": [
                "H4191"
            ]
        },
        {
            "word": "him, and reigned",
            "strongs": [
                "H4427"
            ]
        },
        {
            "word": "in his stead, in the twentieth",
            "strongs": [
                "H6242"
            ]
        },
        {
            "word": "year",
            "strongs": [
                "H8141"
            ]
        },
        {
            "word": "of Jotham",
            "strongs": [
                "H3147"
            ]
        },
        {
            "word": "the son",
            "strongs": [
                "H1121"
            ]
        },
        {
            "word": "of Uzziah",
            "strongs": [
                "H5818"
            ]
        }
    ],
    "2.Kings.15.31": [
        {
            "word": "And the rest",
            "strongs": [
                "H3499"
            ]
        },
        {
            "word": "of the acts",
            "strongs": [
                "H1697"
            ]
        },
        {
            "word": "of Pekah",
            "strongs": [
                "H6492"
            ]
        },
        {
            "word": "and all that he did",
            "strongs": [
                "H6213"
            ]
        },
        {
            "word": "written",
            "strongs": [
                "H3789"
            ]
        },
        {
            "word": "in the book",
            "strongs": [
                "H5612"
            ]
        },
        {
            "word": "of the chronicles",
            "strongs": [
                "H3117",
                "H1697"
            ]
        },
        {
            "word": "of the kings",
            "strongs": [
                "H4428"
            ]
        },
        {
            "word": "of Israel",
            "strongs": [
                "H3478"
            ]
        }
    ],
    "2.Kings.15.32": [
        {
            "word": "In the second",
            "strongs": [
                "H8147"
            ]
        },
        {
            "word": "year",
            "strongs": [
                "H8141"
            ]
        },
        {
            "word": "of Pekah",
            "strongs": [
                "H6492"
            ]
        },
        {
            "word": "the son",
            "strongs": [
                "H1121"
            ]
        },
        {
            "word": "of Remaliah",
            "strongs": [
                "H7425"
            ]
        },
        {
            "word": "king",
            "strongs": [
                "H4428"
            ]
        },
        {
            "word": "of Israel",
            "strongs": [
                "H3478"
            ]
        },
        {
            "word": "began Jotham",
            "strongs": [
                "H3147"
            ]
        },
        {
            "word": "the son",
            "strongs": [
                "H1121"
            ]
        },
        {
            "word": "of Uzziah",
            "strongs": [
                "H5818"
            ]
        },
        {
            "word": "king",
            "strongs": [
                "H4428"
            ]
        },
        {
            "word": "of Judah",
            "strongs": [
                "H3063"
            ]
        },
        {
            "word": "to reign",
            "strongs": [
                "H4427"
            ]
        }
    ],
    "2.Kings.15.33": [
        {
            "word": "Five",
            "strongs": [
                "H2568"
            ]
        },
        {
            "word": "and twenty",
            "strongs": [
                "H6242"
            ]
        },
        {
            "word": "years",
            "strongs": [
                "H8141"
            ]
        },
        {
            "word": "old",
            "strongs": [
                "H1121"
            ]
        },
        {
            "word": "was he when he began to reign",
            "strongs": [
                "H4427"
            ]
        },
        {
            "word": "and he reigned",
            "strongs": [
                "H4427"
            ]
        },
        {
            "word": "sixteen",
            "strongs": [
                "H6240",
                "H8337"
            ]
        },
        {
            "word": "years",
            "strongs": [
                "H8141"
            ]
        },
        {
            "word": "in Jerusalem",
            "strongs": [
                "H3389"
            ]
        },
        {
            "word": "And his mother's",
            "strongs": [
                "H0517"
            ]
        },
        {
            "word": "name",
            "strongs": [
                "H8034"
            ]
        },
        {
            "word": "Jerusha",
            "strongs": [
                "H3388"
            ]
        },
        {
            "word": "the daughter",
            "strongs": [
                "H1323"
            ]
        },
        {
            "word": "of Zadok",
            "strongs": [
                "H6659"
            ]
        }
    ],
    "2.Kings.15.34": [
        {
            "word": "And he did",
            "strongs": [
                "H6213"
            ]
        },
        {
            "word": "right",
            "strongs": [
                "H3477"
            ]
        },
        {
            "word": "in the sight",
            "strongs": [
                "H5869"
            ]
        },
        {
            "word": "of the Lord",
            "strongs": [
                "H3068"
            ]
        },
        {
            "word": "he did",
            "strongs": [
                "H6213"
            ]
        },
        {
            "word": "according to all that his father",
            "strongs": [
                "H0001"
            ]
        },
        {
            "word": "Uzziah",
            "strongs": [
                "H5818"
            ]
        },
        {
            "word": "had done",
            "strongs": [
                "H6213"
            ]
        }
    ],
    "2.Kings.15.35": [
        {
            "word": "Howbeit the high places",
            "strongs": [
                "H1116"
            ]
        },
        {
            "word": "were not removed",
            "strongs": [
                "H5493"
            ]
        },
        {
            "word": "the people",
            "strongs": [
                "H5971"
            ]
        },
        {
            "word": "sacrificed",
            "strongs": [
                "H2076"
            ]
        },
        {
            "word": "and burned incense",
            "strongs": [
                "H6999"
            ]
        },
        {
            "word": "still in the high places",
            "strongs": [
                "H1116"
            ]
        },
        {
            "word": "He built",
            "strongs": [
                "H1129"
            ]
        },
        {
            "word": "the higher",
            "strongs": [
                "H5945"
            ]
        },
        {
            "word": "gate",
            "strongs": [
                "H8179"
            ]
        },
        {
            "word": "of the house",
            "strongs": [
                "H1004"
            ]
        },
        {
            "word": "of the Lord",
            "strongs": [
                "H3068"
            ]
        }
    ],
    "2.Kings.15.36": [
        {
            "word": "Now the rest",
            "strongs": [
                "H3499"
            ]
        },
        {
            "word": "of the acts",
            "strongs": [
                "H1697"
            ]
        },
        {
            "word": "of Jotham",
            "strongs": [
                "H3147"
            ]
        },
        {
            "word": "and all that he did",
            "strongs": [
                "H6213"
            ]
        },
        {
            "word": "they not written",
            "strongs": [
                "H3789"
            ]
        },
        {
            "word": "in the book",
            "strongs": [
                "H5612"
            ]
        },
        {
            "word": "of the chronicles",
            "strongs": [
                "H3117",
                "H1697"
            ]
        },
        {
            "word": "of the kings",
            "strongs": [
                "H4428"
            ]
        },
        {
            "word": "of Judah",
            "strongs": [
                "H3063"
            ]
        }
    ],
    "2.Kings.15.37": [
        {
            "word": "In those days",
            "strongs": [
                "H3117"
            ]
        },
        {
            "word": "the Lord",
            "strongs": [
                "H3068"
            ]
        },
        {
            "word": "began",
            "strongs": [
                "H2490"
            ]
        },
        {
            "word": "to send",
            "strongs": [
                "H7971"
            ]
        },
        {
            "word": "against Judah",
            "strongs": [
                "H3063"
            ]
        },
        {
            "word": "Rezin",
            "strongs": [
                "H7526"
            ]
        },
        {
            "word": "the king",
            "strongs": [
                "H4428"
            ]
        },
        {
            "word": "of Syria",
            "strongs": [
                "H0758"
            ]
        },
        {
            "word": "and Pekah",
            "strongs": [
                "H6492"
            ]
        },
        {
            "word": "the son",
            "strongs": [
                "H1121"
            ]
        },
        {
            "word": "of Remaliah",
            "strongs": [
                "H7425"
            ]
        }
    ],
    "2.Kings.15.38": [
        {
            "word": "And Jotham",
            "strongs": [
                "H3147"
            ]
        },
        {
            "word": "slept",
            "strongs": [
                "H7901"
            ]
        },
        {
            "word": "with his fathers",
            "strongs": [
                "H0001"
            ]
        },
        {
            "word": "and was buried",
            "strongs": [
                "H6912"
            ]
        },
        {
            "word": "with his fathers",
            "strongs": [
                "H0001"
            ]
        },
        {
            "word": "in the city",
            "strongs": [
                "H5892"
            ]
        },
        {
            "word": "of David",
            "strongs": [
                "H1732"
            ]
        },
        {
            "word": "his father",
            "strongs": [
                "H0001"
            ]
        },
        {
            "word": "and Ahaz",
            "strongs": [
                "H0271"
            ]
        },
        {
            "word": "his son",
            "strongs": [
                "H1121"
            ]
        },
        {
            "word": "reigned",
            "strongs": [
                "H4427"
            ]
        }
    ]
}