{
    "Genesis.21.1": [
        {
            "word": "And the Lord",
            "strongs": [
                "H3068"
            ]
        },
        {
            "word": "visited",
            "strongs": [
                "H6485"
            ]
        },
        {
            "word": "Sarah",
            "strongs": [
                "H8283"
            ]
        },
        {
            "word": "as he had said",
            "strongs": [
                "H0559"
            ]
        },
        {
            "word": "and the Lord",
            "strongs": [
                "H3068"
            ]
        },
        {
            "word": "did",
            "strongs": [
                "H6213"
            ]
        },
        {
            "word": "unto Sarah",
            "strongs": [
                "H8283"
            ]
        },
        {
            "word": "as he had spoken",
            "strongs": [
                "H1696"
            ]
        }
    ],
    "Genesis.21.2": [
        {
            "word": "For Sarah",
            "strongs": [
                "H8283"
            ]
        },
        {
            "word": "conceived",
            "strongs": [
                "H2029"
            ]
        },
        {
            "word": "and bare",
            "strongs": [
                "H3205"
            ]
        },
        {
            "word": "Abraham",
            "strongs": [
                "H0085"
            ]
        },
        {
            "word": "a son",
            "strongs": [
                "H1121"
            ]
        },
        {
            "word": "in his old age",
            "strongs": [
                "H2208"
            ]
        },
        {
            "word": "at the set time",
            "strongs": [
                "H4150"
            ]
        },
        {
            "word": "of which God",
            "strongs": [
                "H0430"
            ]
        },
        {
            "word": "had spoken",
            "strongs": [
                "H1696"
            ]
        }
    ],
    "Genesis.21.3": [
        {
            "word": "And Abraham",
            "strongs": [
                "H0085"
            ]
        },
        {
            "word": "called",
            "strongs": [
                "H7121"
            ]
        },
        {
            "word": "the name",
            "strongs": [
                "H8034"
            ]
        },
        {
            "word": "of his son",
            "strongs": [
                "H1121"
            ]
        },
        {
            "word": "that was born",
            "strongs": [
                "H3205"
            ]
        },
        {
            "word": "unto him, whom Sarah",
            "strongs": [
                "H8283"
            ]
        },
        {
            "word": "bare",
            "strongs": [
                "H3205"
            ]
        },
        {
            "word": "to him, Isaac",
            "strongs": [
                "H3327"
            ]
        }
    ],
    "Genesis.21.4": [
        {
            "word": "And Abraham",
            "strongs": [
                "H0085"
            ]
        },
        {
            "word": "circumcised",
            "strongs": [
                "H4135"
            ]
        },
        {
            "word": "his son",
            "strongs": [
                "H1121"
            ]
        },
        {
            "word": "Isaac",
            "strongs": [
                "H3327"
            ]
        },
        {
            "word": "being eight",
            "strongs": [
                "H8083"
            ]
        },
        {
            "word": "days",
            "strongs": [
                "H3117"
            ]
        },
        {
            "word": "old",
            "strongs": [
                "H1121"
            ]
        },
        {
            "word": "as God",
            "strongs": [
                "H0430"
            ]
        },
        {
            "word": "had commanded",
            "strongs": [
                "H6680"
            ]
        }
    ],
    "Genesis.21.5": [
        {
            "word": "And Abraham",
            "strongs": [
                "H0085"
            ]
        },
        {
            "word": "was an hundred",
            "strongs": [
                "H3967"
            ]
        },
        {
            "word": "years",
            "strongs": [
                "H8141"
            ]
        },
        {
            "word": "old",
            "strongs": [
                "H1121"
            ]
        },
        {
            "word": "when his son",
            "strongs": [
                "H1121"
            ]
        },
        {
            "word": "Isaac",
            "strongs": [
                "H3327"
            ]
        },
        {
            "word": "was born",
            "strongs": [
                "H3205"
            ]
        }
    ],
    "Genesis.21.6": [
        {
            "word": "And Sarah",
            "strongs": [
                "H8283"
            ]
        },
        {
            "word": "said",
            "strongs": [
                "H0559"
            ]
        },
        {
            "word": "God",
            "strongs": [
                "H0430"
            ]
        },
        {
            "word": "hath made",
            "strongs": [
                "H6213"
            ]
        },
        {
            "word": "me to laugh",
            "strongs": [
                "H6712"
            ]
        },
        {
            "word": "all that hear",
            "strongs": [
                "H8085"
            ]
        },
        {
            "word": "will laugh",
            "strongs": [
                "H6711"
            ]
        }
    ],
    "Genesis.21.7": [
        {
            "word": "And she said",
            "strongs": [
                "H0559"
            ]
        },
        {
            "word": "Who would have said",
            "strongs": [
                "H4448"
            ]
        },
        {
            "word": "unto Abraham",
            "strongs": [
                "H0085"
            ]
        },
        {
            "word": "that Sarah",
            "strongs": [
                "H8283"
            ]
        },
        {
            "word": "should have given children",
            "strongs": [
                "H1121"
            ]
        },
        {
            "word": "suck",
            "strongs": [
                "H3243"
            ]
        },
        {
            "word": "for I have born",
            "strongs": [
                "H3205"
            ]
        },
        {
            "word": "a son",
            "strongs": [
                "H1121"
            ]
        },
        {
            "word": "in his old age",
            "strongs": [
                "H2208"
            ]
        }
    ],
    "Genesis.21.8": [
        {
            "word": "And the child",
            "strongs": [
                "H3206"
            ]
        },
        {
            "word": "grew",
            "strongs": [
                "H1431"
            ]
        },
        {
            "word": "and was weaned",
            "strongs": [
                "H1580"
            ]
        },
        {
            "word": "and Abraham",
            "strongs": [
                "H0085"
            ]
        },
        {
            "word": "made",
            "strongs": [
                "H6213"
            ]
        },
        {
            "word": "a great",
            "strongs": [
                "H1419"
            ]
        },
        {
            "word": "feast",
            "strongs": [
                "H4960"
            ]
        },
        {
            "word": "day",
            "strongs": [
                "H3117"
            ]
        },
        {
            "word": "that Isaac",
            "strongs": [
                "H3327"
            ]
        },
        {
            "word": "was weaned",
            "strongs": [
                "H1580"
            ]
        }
    ],
    "Genesis.21.9": [
        {
            "word": "And Sarah",
            "strongs": [
                "H8283"
            ]
        },
        {
            "word": "saw",
            "strongs": [
                "H7200"
            ]
        },
        {
            "word": "the son",
            "strongs": [
                "H1121"
            ]
        },
        {
            "word": "of Hagar",
            "strongs": [
                "H1904"
            ]
        },
        {
            "word": "the Egyptian",
            "strongs": [
                "H4713"
            ]
        },
        {
            "word": "which she had born",
            "strongs": [
                "H3205"
            ]
        },
        {
            "word": "unto Abraham",
            "strongs": [
                "H0085"
            ]
        },
        {
            "word": "mocking",
            "strongs": [
                "H6711"
            ]
        }
    ],
    "Genesis.21.10": [
        {
            "word": "Wherefore she said",
            "strongs": [
                "H0559"
            ]
        },
        {
            "word": "unto Abraham",
            "strongs": [
                "H0085"
            ]
        },
        {
            "word": "Cast out",
            "strongs": [
                "H1644"
            ]
        },
        {
            "word": "this bondwoman",
            "strongs": [
                "H0519"
            ]
        },
        {
            "word": "and her son",
            "strongs": [
                "H1121"
            ]
        },
        {
            "word": "for the son",
            "strongs": [
                "H1121"
            ]
        },
        {
            "word": "of this bondwoman",
            "strongs": [
                "H0519"
            ]
        },
        {
            "word": "shall not be heir",
            "strongs": [
                "H3423"
            ]
        },
        {
            "word": "with my son",
            "strongs": [
                "H1121"
            ]
        },
        {
            "word": "with Isaac",
            "strongs": [
                "H3327"
            ]
        }
    ],
    "Genesis.21.11": [
        {
            "word": "And the thing",
            "strongs": [
                "H1697"
            ]
        },
        {
            "word": "was very",
            "strongs": [
                "H3966"
            ]
        },
        {
            "word": "grievous",
            "strongs": [
                "H3415"
            ]
        },
        {
            "word": "in Abraham's",
            "strongs": [
                "H0085"
            ]
        },
        {
            "word": "sight",
            "strongs": [
                "H5869"
            ]
        },
        {
            "word": "because",
            "strongs": [
                "H0182"
            ]
        },
        {
            "word": "of his son",
            "strongs": [
                "H1121"
            ]
        }
    ],
    "Genesis.21.12": [
        {
            "word": "And God",
            "strongs": [
                "H0430"
            ]
        },
        {
            "word": "said",
            "strongs": [
                "H0559"
            ]
        },
        {
            "word": "unto Abraham",
            "strongs": [
                "H0085"
            ]
        },
        {
            "word": "Let it not be grievous",
            "strongs": [
                "H3415"
            ]
        },
        {
            "word": "in thy sight",
            "strongs": [
                "H5869"
            ]
        },
        {
            "word": "because of the lad",
            "strongs": [
                "H5288"
            ]
        },
        {
            "word": "and because of thy bondwoman",
            "strongs": [
                "H0519"
            ]
        },
        {
            "word": "in all that Sarah",
            "strongs": [
                "H8283"
            ]
        },
        {
            "word": "hath said",
            "strongs": [
                "H0559"
            ]
        },
        {
            "word": "unto thee, hearken",
            "strongs": [
                "H8085"
            ]
        },
        {
            "word": "unto her voice",
            "strongs": [
                "H6963"
            ]
        },
        {
            "word": "for in Isaac",
            "strongs": [
                "H3327"
            ]
        },
        {
            "word": "shall thy seed",
            "strongs": [
                "H2233"
            ]
        },
        {
            "word": "be called",
            "strongs": [
                "H7121"
            ]
        }
    ],
    "Genesis.21.13": [
        {
            "word": "And also of the son",
            "strongs": [
                "H1121"
            ]
        },
        {
            "word": "of the bondwoman",
            "strongs": [
                "H0519"
            ]
        },
        {
            "word": "will I make",
            "strongs": [
                "H7760"
            ]
        },
        {
            "word": "a nation",
            "strongs": [
                "H1471"
            ]
        },
        {
            "word": "thy seed",
            "strongs": [
                "H2233"
            ]
        }
    ],
    "Genesis.21.14": [
        {
            "word": "And Abraham",
            "strongs": [
                "H0085"
            ]
        },
        {
            "word": "rose up early",
            "strongs": [
                "H7925"
            ]
        },
        {
            "word": "in the morning",
            "strongs": [
                "H1242"
            ]
        },
        {
            "word": "and took",
            "strongs": [
                "H3947"
            ]
        },
        {
            "word": "bread",
            "strongs": [
                "H3899"
            ]
        },
        {
            "word": "and a bottle",
            "strongs": [
                "H2573"
            ]
        },
        {
            "word": "of water",
            "strongs": [
                "H4325"
            ]
        },
        {
            "word": "and gave",
            "strongs": [
                "H5414"
            ]
        },
        {
            "word": "unto Hagar",
            "strongs": [
                "H1904"
            ]
        },
        {
            "word": "putting",
            "strongs": [
                "H7760"
            ]
        },
        {
            "word": "on her shoulder",
            "strongs": [
                "H7926"
            ]
        },
        {
            "word": "and the child",
            "strongs": [
                "H3206"
            ]
        },
        {
            "word": "and sent her away",
            "strongs": [
                "H7971"
            ]
        },
        {
            "word": "and she departed",
            "strongs": [
                "H3212"
            ]
        },
        {
            "word": "and wandered",
            "strongs": [
                "H8582"
            ]
        },
        {
            "word": "in the wilderness",
            "strongs": [
                "H4057"
            ]
        },
        {
            "word": "of Beer\u00e2\u20ac\u201csheba",
            "strongs": [
                "H0884"
            ]
        }
    ],
    "Genesis.21.15": [
        {
            "word": "And the water",
            "strongs": [
                "H4325"
            ]
        },
        {
            "word": "was spent",
            "strongs": [
                "H3615"
            ]
        },
        {
            "word": "in",
            "strongs": [
                "H4480"
            ]
        },
        {
            "word": "the bottle",
            "strongs": [
                "H2573"
            ]
        },
        {
            "word": "and she cast",
            "strongs": [
                "H7993"
            ]
        },
        {
            "word": "the child",
            "strongs": [
                "H3206"
            ]
        },
        {
            "word": "under one",
            "strongs": [
                "H0259"
            ]
        },
        {
            "word": "of the shrubs",
            "strongs": [
                "H7880"
            ]
        }
    ],
    "Genesis.21.16": [
        {
            "word": "And she went",
            "strongs": [
                "H3212"
            ]
        },
        {
            "word": "and sat her down",
            "strongs": [
                "H3427"
            ]
        },
        {
            "word": "over against",
            "strongs": [
                "H5048"
            ]
        },
        {
            "word": "a good way off",
            "strongs": [
                "H7368"
            ]
        },
        {
            "word": "as it were a bowshot",
            "strongs": [
                "H7198",
                "H2909"
            ]
        },
        {
            "word": "for she said",
            "strongs": [
                "H0559"
            ]
        },
        {
            "word": "Let me not see",
            "strongs": [
                "H7200"
            ]
        },
        {
            "word": "the death",
            "strongs": [
                "H4194"
            ]
        },
        {
            "word": "of the child",
            "strongs": [
                "H3206"
            ]
        },
        {
            "word": "And she sat",
            "strongs": [
                "H3427"
            ]
        },
        {
            "word": "and lift up",
            "strongs": [
                "H5375"
            ]
        },
        {
            "word": "her voice",
            "strongs": [
                "H6963"
            ]
        },
        {
            "word": "and wept",
            "strongs": [
                "H1058"
            ]
        }
    ],
    "Genesis.21.17": [
        {
            "word": "And God",
            "strongs": [
                "H0430"
            ]
        },
        {
            "word": "heard",
            "strongs": [
                "H8085"
            ]
        },
        {
            "word": "the voice",
            "strongs": [
                "H6963"
            ]
        },
        {
            "word": "of the lad",
            "strongs": [
                "H5288"
            ]
        },
        {
            "word": "and the angel",
            "strongs": [
                "H4397"
            ]
        },
        {
            "word": "of God",
            "strongs": [
                "H0430"
            ]
        },
        {
            "word": "called",
            "strongs": [
                "H7121"
            ]
        },
        {
            "word": "to Hagar",
            "strongs": [
                "H1904"
            ]
        },
        {
            "word": "out of heaven",
            "strongs": [
                "H8064"
            ]
        },
        {
            "word": "and said",
            "strongs": [
                "H0559"
            ]
        },
        {
            "word": "unto her, What aileth thee, Hagar",
            "strongs": [
                "H1904"
            ]
        },
        {
            "word": "fear",
            "strongs": [
                "H3372"
            ]
        },
        {
            "word": "not; for God",
            "strongs": [
                "H0430"
            ]
        },
        {
            "word": "hath heard",
            "strongs": [
                "H8085"
            ]
        },
        {
            "word": "the voice",
            "strongs": [
                "H6963"
            ]
        },
        {
            "word": "of the lad",
            "strongs": [
                "H5288"
            ]
        }
    ],
    "Genesis.21.18": [
        {
            "word": "Arise",
            "strongs": [
                "H6965"
            ]
        },
        {
            "word": "lift up",
            "strongs": [
                "H5375"
            ]
        },
        {
            "word": "the lad",
            "strongs": [
                "H5288"
            ]
        },
        {
            "word": "and hold",
            "strongs": [
                "H2388"
            ]
        },
        {
            "word": "him in thine hand",
            "strongs": [
                "H3027"
            ]
        },
        {
            "word": "for I will make",
            "strongs": [
                "H7760"
            ]
        },
        {
            "word": "him a great",
            "strongs": [
                "H1419"
            ]
        },
        {
            "word": "nation",
            "strongs": [
                "H1471"
            ]
        }
    ],
    "Genesis.21.19": [
        {
            "word": "And God",
            "strongs": [
                "H0430"
            ]
        },
        {
            "word": "opened",
            "strongs": [
                "H6491"
            ]
        },
        {
            "word": "her eyes",
            "strongs": [
                "H5869"
            ]
        },
        {
            "word": "and she saw",
            "strongs": [
                "H7200"
            ]
        },
        {
            "word": "a well",
            "strongs": [
                "H0875"
            ]
        },
        {
            "word": "of water",
            "strongs": [
                "H4325"
            ]
        },
        {
            "word": "and she went",
            "strongs": [
                "H3212"
            ]
        },
        {
            "word": "and filled",
            "strongs": [
                "H4390"
            ]
        },
        {
            "word": "the bottle",
            "strongs": [
                "H2573"
            ]
        },
        {
            "word": "with water",
            "strongs": [
                "H4325"
            ]
        },
        {
            "word": "and gave",
            "strongs": [
                "H8248"
            ]
        },
        {
            "word": "the lad",
            "strongs": [
                "H5288"
            ]
        },
        {
            "word": "drink",
            "strongs": [
                "H8248"
            ]
        }
    ],
    "Genesis.21.20": [
        {
            "word": "And God",
            "strongs": [
                "H0430"
            ]
        },
        {
            "word": "was with the lad",
            "strongs": [
                "H5288"
            ]
        },
        {
            "word": "and he grew",
            "strongs": [
                "H1431"
            ]
        },
        {
            "word": "and dwelt",
            "strongs": [
                "H3427"
            ]
        },
        {
            "word": "in the wilderness",
            "strongs": [
                "H4057"
            ]
        },
        {
            "word": "and became an archer",
            "strongs": [
                "H7199",
                "H7235"
            ]
        }
    ],
    "Genesis.21.21": [
        {
            "word": "And he dwelt",
            "strongs": [
                "H3427"
            ]
        },
        {
            "word": "in the wilderness",
            "strongs": [
                "H4057"
            ]
        },
        {
            "word": "of Paran",
            "strongs": [
                "H6290"
            ]
        },
        {
            "word": "and his mother",
            "strongs": [
                "H0517"
            ]
        },
        {
            "word": "took",
            "strongs": [
                "H3947"
            ]
        },
        {
            "word": "him a wife",
            "strongs": [
                "H0802"
            ]
        },
        {
            "word": "out of the land",
            "strongs": [
                "H0776"
            ]
        },
        {
            "word": "of Egypt",
            "strongs": [
                "H4714"
            ]
        }
    ],
    "Genesis.21.22": [
        {
            "word": "And it came to pass at that time",
            "strongs": [
                "H6256"
            ]
        },
        {
            "word": "that Abimelech",
            "strongs": [
                "H0040"
            ]
        },
        {
            "word": "and Phichol",
            "strongs": [
                "H6369"
            ]
        },
        {
            "word": "the chief captain",
            "strongs": [
                "H8269"
            ]
        },
        {
            "word": "of his host",
            "strongs": [
                "H6635"
            ]
        },
        {
            "word": "spake",
            "strongs": [
                "H0559"
            ]
        },
        {
            "word": "unto Abraham",
            "strongs": [
                "H0085"
            ]
        },
        {
            "word": "saying",
            "strongs": [
                "H0559"
            ]
        },
        {
            "word": "God",
            "strongs": [
                "H0430"
            ]
        },
        {
            "word": "with thee in all that thou doest",
            "strongs": [
                "H6213"
            ]
        }
    ],
    "Genesis.21.23": [
        {
            "word": "Now therefore swear",
            "strongs": [
                "H7650"
            ]
        },
        {
            "word": "unto me here",
            "strongs": [
                "H2008"
            ]
        },
        {
            "word": "by God",
            "strongs": [
                "H0430"
            ]
        },
        {
            "word": "that thou wilt not deal falsely",
            "strongs": [
                "H8266"
            ]
        },
        {
            "word": "with me, nor with my son",
            "strongs": [
                "H5209"
            ]
        },
        {
            "word": "nor with my son's son",
            "strongs": [
                "H5220"
            ]
        },
        {
            "word": "according to the kindness",
            "strongs": [
                "H2617"
            ]
        },
        {
            "word": "that I have done",
            "strongs": [
                "H6213"
            ]
        },
        {
            "word": "unto thee, thou shalt do",
            "strongs": [
                "H6213"
            ]
        },
        {
            "word": "unto me, and to the land",
            "strongs": [
                "H0776"
            ]
        },
        {
            "word": "wherein thou hast sojourned",
            "strongs": [
                "H1481"
            ]
        }
    ],
    "Genesis.21.24": [
        {
            "word": "And Abraham",
            "strongs": [
                "H0085"
            ]
        },
        {
            "word": "said",
            "strongs": [
                "H0559"
            ]
        },
        {
            "word": "I will swear",
            "strongs": [
                "H7650"
            ]
        }
    ],
    "Genesis.21.25": [
        {
            "word": "And Abraham",
            "strongs": [
                "H0085"
            ]
        },
        {
            "word": "reproved",
            "strongs": [
                "H3198"
            ]
        },
        {
            "word": "Abimelech",
            "strongs": [
                "H0040"
            ]
        },
        {
            "word": "because",
            "strongs": [
                "H0182"
            ]
        },
        {
            "word": "of a well",
            "strongs": [
                "H0875"
            ]
        },
        {
            "word": "of water",
            "strongs": [
                "H4325"
            ]
        },
        {
            "word": "which Abimelech's",
            "strongs": [
                "H0040"
            ]
        },
        {
            "word": "servants",
            "strongs": [
                "H5650"
            ]
        },
        {
            "word": "had violently taken away",
            "strongs": [
                "H1497"
            ]
        }
    ],
    "Genesis.21.26": [
        {
            "word": "And Abimelech",
            "strongs": [
                "H0040"
            ]
        },
        {
            "word": "said",
            "strongs": [
                "H0559"
            ]
        },
        {
            "word": "I wot",
            "strongs": [
                "H3045"
            ]
        },
        {
            "word": "not who hath done",
            "strongs": [
                "H6213"
            ]
        },
        {
            "word": "this thing",
            "strongs": [
                "H1697"
            ]
        },
        {
            "word": "neither",
            "strongs": [
                "H3808"
            ]
        },
        {
            "word": "didst thou tell",
            "strongs": [
                "H5046"
            ]
        },
        {
            "word": "me, neither",
            "strongs": [
                "H3808"
            ]
        },
        {
            "word": "yet heard",
            "strongs": [
                "H8085"
            ]
        },
        {
            "word": "but",
            "strongs": [
                "H1115"
            ]
        },
        {
            "word": "to day",
            "strongs": [
                "H3117"
            ]
        }
    ],
    "Genesis.21.27": [
        {
            "word": "And Abraham",
            "strongs": [
                "H0085"
            ]
        },
        {
            "word": "took",
            "strongs": [
                "H3947"
            ]
        },
        {
            "word": "sheep",
            "strongs": [
                "H6629"
            ]
        },
        {
            "word": "and oxen",
            "strongs": [
                "H1241"
            ]
        },
        {
            "word": "and gave",
            "strongs": [
                "H5414"
            ]
        },
        {
            "word": "them unto Abimelech",
            "strongs": [
                "H0040"
            ]
        },
        {
            "word": "and both of them",
            "strongs": [
                "H8147"
            ]
        },
        {
            "word": "made",
            "strongs": [
                "H3772"
            ]
        },
        {
            "word": "a covenant",
            "strongs": [
                "H1285"
            ]
        }
    ],
    "Genesis.21.28": [
        {
            "word": "And Abraham",
            "strongs": [
                "H0085"
            ]
        },
        {
            "word": "set",
            "strongs": [
                "H5324"
            ]
        },
        {
            "word": "seven",
            "strongs": [
                "H7651"
            ]
        },
        {
            "word": "ewe lambs",
            "strongs": [
                "H3535"
            ]
        },
        {
            "word": "of the flock",
            "strongs": [
                "H6629"
            ]
        }
    ],
    "Genesis.21.29": [
        {
            "word": "And Abimelech",
            "strongs": [
                "H0040"
            ]
        },
        {
            "word": "said",
            "strongs": [
                "H0559"
            ]
        },
        {
            "word": "unto Abraham",
            "strongs": [
                "H0085"
            ]
        },
        {
            "word": "What",
            "strongs": [
                "H2008"
            ]
        },
        {
            "word": "these seven",
            "strongs": [
                "H7651"
            ]
        },
        {
            "word": "ewe lambs",
            "strongs": [
                "H3535"
            ]
        },
        {
            "word": "which thou hast set",
            "strongs": [
                "H5324"
            ]
        }
    ],
    "Genesis.21.30": [
        {
            "word": "And he said",
            "strongs": [
                "H0559"
            ]
        },
        {
            "word": "seven",
            "strongs": [
                "H7651"
            ]
        },
        {
            "word": "ewe lambs",
            "strongs": [
                "H3535"
            ]
        },
        {
            "word": "shalt thou take",
            "strongs": [
                "H3947"
            ]
        },
        {
            "word": "of my hand",
            "strongs": [
                "H3027"
            ]
        },
        {
            "word": "that",
            "strongs": [
                "H5668"
            ]
        },
        {
            "word": "they may be a witness",
            "strongs": [
                "H5713"
            ]
        },
        {
            "word": "unto me, that I have digged",
            "strongs": [
                "H2658"
            ]
        },
        {
            "word": "this well",
            "strongs": [
                "H0875"
            ]
        }
    ],
    "Genesis.21.31": [
        {
            "word": "Wherefore he called",
            "strongs": [
                "H7121"
            ]
        },
        {
            "word": "that place",
            "strongs": [
                "H4725"
            ]
        },
        {
            "word": "Beer\u00e2\u20ac\u201csheba",
            "strongs": [
                "H0884"
            ]
        },
        {
            "word": "because there they sware",
            "strongs": [
                "H7650"
            ]
        },
        {
            "word": "both of them",
            "strongs": [
                "H8147"
            ]
        }
    ],
    "Genesis.21.32": [
        {
            "word": "Thus they made",
            "strongs": [
                "H3772"
            ]
        },
        {
            "word": "a covenant",
            "strongs": [
                "H1285"
            ]
        },
        {
            "word": "at Beer\u00e2\u20ac\u201csheba",
            "strongs": [
                "H0884"
            ]
        },
        {
            "word": "then Abimelech",
            "strongs": [
                "H0040"
            ]
        },
        {
            "word": "rose up",
            "strongs": [
                "H6965"
            ]
        },
        {
            "word": "and Phichol",
            "strongs": [
                "H6369"
            ]
        },
        {
            "word": "the chief captain",
            "strongs": [
                "H8269"
            ]
        },
        {
            "word": "of his host",
            "strongs": [
                "H6635"
            ]
        },
        {
            "word": "and they returned",
            "strongs": [
                "H7725"
            ]
        },
        {
            "word": "into the land",
            "strongs": [
                "H0776"
            ]
        },
        {
            "word": "of the Philistines",
            "strongs": [
                "H6430"
            ]
        }
    ],
    "Genesis.21.33": [
        {
            "word": "planted",
            "strongs": [
                "H5193"
            ]
        },
        {
            "word": "a grove",
            "strongs": [
                "H0815"
            ]
        },
        {
            "word": "in Beer\u00e2\u20ac\u201csheba",
            "strongs": [
                "H0884"
            ]
        },
        {
            "word": "and called",
            "strongs": [
                "H7121"
            ]
        },
        {
            "word": "there on the name",
            "strongs": [
                "H8034"
            ]
        },
        {
            "word": "of the Lord",
            "strongs": [
                "H3068"
            ]
        },
        {
            "word": "the everlasting",
            "strongs": [
                "H5769"
            ]
        },
        {
            "word": "God",
            "strongs": [
                "H0410"
            ]
        }
    ],
    "Genesis.21.34": [
        {
            "word": "And Abraham",
            "strongs": [
                "H0085"
            ]
        },
        {
            "word": "sojourned",
            "strongs": [
                "H1481"
            ]
        },
        {
            "word": "in the Philistines'",
            "strongs": [
                "H6430"
            ]
        },
        {
            "word": "land",
            "strongs": [
                "H0776"
            ]
        },
        {
            "word": "many",
            "strongs": [
                "H7227"
            ]
        },
        {
            "word": "days",
            "strongs": [
                "H3117"
            ]
        }
    ]
}